Workbook
Name CODE: Sheet2!$C$3:$D$70

Sheet Sheet1
C1: DEVICE NAME | D1: PRICE | E1: QTY | F1: VALUE | G1: DATE | H1: CODE | J1: BRANCH Code | K1: BRANCH
C2: SAM A055F (A05) 64+4GB GREEN | D2: 1099 | E2: 1 | F2: 1099 | G2: 45930 | H2: 8.5513092e+15 | J2: =LEFT(H2,3) -> 855 | K2: =VLOOKUP(J:J,Sheet2!C:D,2,0) -> ONLINE BRANCH
C3: SAM A055F (A05) 64+4GB SILVER | D3: 1099 | E3: 1 | F3: 1099 | G3: 45929 | H3: 8.5512992e+16 | J3: =LEFT(H3,3) -> 855 | K3: =VLOOKUP(J:J,Sheet2!C:D,2,0) -> ONLINE BRANCH
C4: SAM A055F (A05) 64+4GB SILVER | D4: 1099 | E4: 1 | F4: 1099 | G4: 45929 | H4: 8.5512992e+16 | J4: =LEFT(H4,3) -> 855 | K4: =VLOOKUP(J:J,Sheet2!C:D,2,0) -> ONLINE BRANCH
C5: SAM A055F (A05) 64+4GB SILVER | D5: 1099 | E5: 1 | F5: 1099 | G5: 45929 | H5: 8.5512992e+15 | J5: =LEFT(H5,3) -> 855 | K5: =VLOOKUP(J:J,Sheet2!C:D,2,0) -> ONLINE BRANCH
C6: SAM A055F (A05) 64+4GB SILVER | D6: 1099 | E6: 1 | F6: 1099 | G6: 45930 | H6: 8.5513092e+15 | J6: =LEFT(H6,3) -> 855 | K6: =VLOOKUP(J:J,Sheet2!C:D,2,0) -> ONLINE BRANCH
C7: SAM A065 (A06) 64+4GB BLACK | D7: 1199 | E7: 1 | F7: 1199 | G7: 45929 | H7: 8.5512992e+16 | J7: =LEFT(H7,3) -> 855 | K7: =VLOOKUP(J:J,Sheet2!C:D,2,0) -> ONLINE BRANCH
C8: SAM A065 (A06) 64+4GB BLACK | D8: 1199 | E8: 1 | F8: 1199 | G8: 45929 | H8: 855129920251721 | J8: =LEFT(H8,3) -> 855 | K8: =VLOOKUP(J:J,Sheet2!C:D,2,0) -> ONLINE BRANCH
C9: SAM A065 (A06) 64+4GB BLACK | D9: 1199 | E9: 1 | F9: 1199 | G9: 45930 | H9: 8.5513092e+15 | J9: =LEFT(H9,3) -> 855 | K9: =VLOOKUP(J:J,Sheet2!C:D,2,0) -> ONLINE BRANCH
C10: SAM A065 (A06) 64+4GB BLACK | D10: 1199 | E10: 1 | F10: 1199 | G10: 45930 | H10: 8.5513092e+15 | J10: =LEFT(H10,3) -> 855 | K10: =VLOOKUP(J:J,Sheet2!C:D,2,0) -> ONLINE BRANCH
C11: SAM A065 (A06) 64+4GB BLACK | D11: 1199 | E11: 1 | F11: 1199 | G11: 45930 | H11: 8.5513092e+16 | J11: =LEFT(H11,3) -> 855 | K11: =VLOOKUP(J:J,Sheet2!C:D,2,0) -> ONLINE BRANCH
C12: SAM A065 (A06) 64+4GB BLACK | D12: 1199 | E12: 1 | F12: 1199 | G12: 45930 | H12: 8.5513092e+15 | J12: =LEFT(H12,3) -> 855 | K12: =VLOOKUP(J:J,Sheet2!C:D,2,0) -> ONLINE BRANCH
C13: SAM A065 (A06) 64+4GB BLACK | D13: 1199 | E13: 1 | F13: 1199 | G13: 45930 | H13: 8.5513092e+16 | J13: =LEFT(H13,3) -> 855 | K13: =VLOOKUP(J:J,Sheet2!C:D,2,0) -> ONLINE BRANCH
... C583: SAM GALAXY Z FLIP 7 (F766B) 512+12 BLUE SHADOW | D583: 12300 | E583: 1 | F583: 12300 | G583: 45962 | H583: 8.5511112e+16 | J583: =LEFT(H583,3) -> 855 | K583: =VLOOKUP(J:J,Sheet2!C:D,2,0) -> ONLINE BRANCH
J584: =LEFT(H584,4) | K584: =VLOOKUP(J:J,Sheet2!C:D,2,0) -> #N/A
J585: =LEFT(H585,4) | K585: =VLOOKUP(J:J,Sheet2!C:D,2,0) -> #N/A
J586: =LEFT(H586,4) | K586: =VLOOKUP(J:J,Sheet2!C:D,2,0) -> #N/A
J587: =LEFT(H587,4) | K587: =VLOOKUP(J:J,Sheet2!C:D,2,0) -> #N/A
J588: =LEFT(H588,4) | K588: =VLOOKUP(J:J,Sheet2!C:D,2,0) -> #N/A
J589: =LEFT(H589,4) | K589: =VLOOKUP(J:J,Sheet2!C:D,2,0) -> #N/A
J590: =LEFT(H590,4) | K590: =VLOOKUP(J:J,Sheet2!C:D,2,0) -> #N/A
J591: =LEFT(H591,4) | K591: =VLOOKUP(J:J,Sheet2!C:D,2,0) -> #N/A
J592: =LEFT(H592,4) | K592: =VLOOKUP(J:J,Sheet2!C:D,2,0) -> #N/A
J593: =LEFT(H593,4) | K593: =VLOOKUP(J:J,Sheet2!C:D,2,0) -> #N/A
J594: =LEFT(H594,4) | K594: =VLOOKUP(J:J,Sheet2!C:D,2,0) -> #N/A
J595: =LEFT(H595,4) | K595: =VLOOKUP(J:J,Sheet2!C:D,2,0) -> #N/A
... J1314: =LEFT(H1314,4) | K1314: =VLOOKUP(J:J,Sheet2!C:D,2,0) -> #N/A

Sheet Sheet2
B2: BRANCHES CODE
B3: HEAD OFFICE | C3: 155 | D3: HEAD OFFICE
B4: MAIN WAREHOUSE | C4: 255 | D4: MAIN WAREHOUSE
B5: KUMASI 3 WHOLESALE | C5: 355 | D5: KUMASI 3 WHOLESALE
B6: KUMASI 5 WHOLESALE | C6: 455 | D6: KUMASI 5 WHOLESALE
B7: TAMALE WHOLESALE | C7: 555 | D7: TAMALE WHOLESALE
B8: TAKORADI WHOLESALE | C8: 655 | D8: TAKORADI WHOLESALE
B9: ACCOUNT BRANCH | C9: 755 | D9: ACCOUNT BRANCH
B10: ONLINE BRANCH | C10: 855 | D10: ONLINE BRANCH
B11: ADABRAKA BRANCH | C11: 955 | D11: ADABRAKA BRANCH
B12: CIRCLE 1 BRANCH | C12: 1055 | D12: CIRCLE 1 BRANCH
B13: CIRCLE 2 BRANCH | C13: 1155 | D13: CIRCLE 2 BRANCH
B14: MADINA BRANCH | C14: 1255 | D14: MADINA BRANCH
B15: TEMA BRANCH | C15: 1355 | D15: TEMA BRANCH
B16: RETAIL WAREHOUSE (PHONES) | C16: 1455 | D16: RETAIL WAREHOUSE (PHONES) | E16: Please those in RED are not included
B17: RETAIL WAREHOUSE (ACCESSORIES) | C17: 1555 | D17: RETAIL WAREHOUSE (ACCESSORIES)
B18: MAIN WARHOUSE (ACCESSORIES) | C18: 1655 | D18: MAIN WARHOUSE (ACCESSORIES)
B19: HOHOE BRANCH | C19: 1755 | D19: HOHOE BRANCH
B20: KUMASI SERVICE CENTRE | C20: 1855 | D20: KUMASI SERVICE CENTRE
B21: OSU BRANCH | C21: 1955 | D21: OSU BRANCH
B22: KUMASI 6 BRANCH | C22: 2055 | D22: KUMASI 6 BRANCH
B23: HAATSO BRANCH | C23: 2155 | D23: HAATSO BRANCH
B24: LAPAZ BRANCH | C24: 2255 | D24: LAPAZ BRANCH
B25: KASOA BRANCH | C25: 2355 | D25: KASOA BRANCH
B26: ACCRA CENTRAL BRANCH | C26: 2455 | D26: ACCRA CENTRAL BRANCH
B27: KUMASI 3 BRANCH | C27: 2555 | D27: KUMASI 3 BRANCH
B28: KUMASI 1 BRANCH | C28: 2655 | D28: KUMASI 1 BRANCH
... B69: APPLIANCE WAREHOUSE | C69: 7055 | D69: APPLIANCE WAREHOUSE

Sheet Sheet3
